name,email,gender,skilllevel,role,canteach,wantstolearn,timestamp,match status,agerange
Anne Potts,everettmichael@example.org,Male,Beginner,Teacher,Excel,,2025-07-17 11:59:59,Unpaired,
Cheryl Clark,nicolesharp@example.org,Male,Beginner,Teacher,Communication,,2025-07-17 11:59:59,Unpaired,
Brian Jones,mark29@example.com,Prefer not to tell,Intermediate,Teacher,Power BI,,2025-07-17 11:59:59,Paired,
Mrs. Cassandra Guerra,kathleen51@example.org,Male,Intermediate,Teacher,Power BI,,2025-07-17 11:59:59,Paired,
Richard Klein,frollins@example.org,Female,Intermediate,Learner,,Data Analysis,2025-07-17 11:59:59,Paired,
Connor Meyer,imartinez@example.com,Prefer not to tell,Advanced,Learner,,Python,2025-07-17 11:59:59,Unpaired,
Craig Hughes,april92@example.net,Female,Advanced,Learner,,SQL,2025-07-17 11:59:59,Unpaired,
Angela Lucas,davidcarson@example.net,Male,Intermediate,Learner,,Python,2025-07-17 11:59:59,Unpaired,
Howard Harvey,jlamb@example.com,Female,Intermediate,Teacher,Data Analysis,,2025-07-17 11:59:59,Unpaired,
Stephen Taylor,robertrios@example.net,Male,Advanced,Teacher,Excel,,2025-07-17 11:59:59,Paired,
Debra Chung,mariapena@example.org,Female,Beginner,Teacher,Communication,,2025-07-17 11:59:59,Unpaired,
Adam Hall,justin53@example.com,Prefer not to tell,Intermediate,Teacher,Data Analysis,,2025-07-17 11:59:59,Unpaired,
Olivia Parker,david18@example.net,Male,Beginner,Learner,,Power BI,2025-07-17 11:59:59,Paired,
William Preston,newtondennis@example.org,Prefer not to tell,Advanced,Learner,,Excel,2025-07-17 11:59:59,Unpaired,
Leslie Aguirre,ashleywillis@example.com,Female,Intermediate,Learner,,Power BI,2025-07-17 11:59:59,Paired,
Jacqueline Casey,nsteele@example.org,Female,Beginner,Learner,,Excel,2025-07-17 11:59:59,Paired,
Morgan Smith,dlopez@example.org,Female,Advanced,Teacher,SQL,,2025-07-17 11:59:59,Paired,
Brian Miller,cookbrian@example.org,Male,Advanced,Learner,,Excel,2025-07-17 11:59:59,Unpaired,
Joe Clarke,youngmichael@example.net,Prefer not to tell,Beginner,Teacher,Power BI,,2025-07-17 11:59:59,Unpaired,
Carrie Thomas,hansensandra@example.com,Female,Advanced,Learner,,Power BI,2025-07-17 11:59:59,Unpaired,
Sarah Doyle,barnesmelissa@example.net,Prefer not to tell,Advanced,Teacher,Power BI,,2025-07-17 11:59:59,Paired,
Victoria Henderson,breannamyers@example.com,Male,Intermediate,Learner,,SQL,2025-07-17 11:59:59,Unpaired,
Wendy Oneal,kelleylauren@example.com,Male,Intermediate,Teacher,SQL,,2025-07-17 11:59:59,Paired,
Tamara Jimenez,david20@example.com,Male,Advanced,Teacher,Excel,,2025-07-17 11:59:59,Paired,
Kristen Pineda,theresa72@example.com,Prefer not to tell,Intermediate,Teacher,Excel,,2025-07-17 11:59:59,Paired,
John Lambert,jensenchase@example.org,Male,Advanced,Learner,,Power BI,2025-07-17 11:59:59,Unpaired,
Calvin Campbell,kthomas@example.com,Prefer not to tell,Advanced,Teacher,Excel,,2025-07-17 11:59:59,Unpaired,
Kathy Golden,shane94@example.org,Female,Beginner,Teacher,Communication,,2025-07-17 11:59:59,Unpaired,
Randy Aguilar,vmassey@example.org,Male,Advanced,Learner,,Data Analysis,2025-07-17 11:59:59,Unpaired,
Kenneth Wilson,tristan01@example.com,Female,Advanced,Learner,,Python,2025-07-17 11:59:59,Unpaired,
Sandra Moreno,jason18@example.net,Prefer not to tell,Beginner,Learner,,Python,2025-07-17 11:59:59,Unpaired,
Alicia Morrison,ccalhoun@example.org,Male,Intermediate,Teacher,Data Analysis,,2025-07-17 11:59:59,Unpaired,
Carl Simpson,manuel79@example.net,Male,Intermediate,Learner,,Communication,2025-07-17 11:59:59,Paired,
Kimberly Price,kevin04@example.org,Male,Intermediate,Teacher,SQL,,2025-07-17 11:59:59,Paired,
John Garcia,nstewart@example.com,Female,Intermediate,Teacher,Python,,2025-07-17 11:59:59,Paired,
Elizabeth Peterson,kimberlygreen@example.net,Prefer not to tell,Intermediate,Learner,,SQL,2025-07-17 11:59:59,Unpaired,
Jessica Moore,melaniegordon@example.com,Male,Advanced,Teacher,Data Analysis,,2025-07-17 11:59:59,Paired,
Jessica King,bradleycarol@example.net,Female,Intermediate,Learner,,Communication,2025-07-17 11:59:59,Unpaired,
George Phillips,morenoamber@example.net,Male,Advanced,Teacher,Power BI,,2025-07-17 11:59:59,Paired,
Christopher Le,thomaskim@example.com,Female,Advanced,Teacher,SQL,,2025-07-17 11:59:59,Paired,
Steven Bell,wsalazar@example.net,Female,Beginner,Teacher,Data Analysis,,2025-07-17 11:59:59,Unpaired,
Michael Silva,warnerwilliam@example.net,Prefer not to tell,Advanced,Learner,,Power BI,2025-07-17 11:59:59,Unpaired,
Michael Cook,rebeccapadilla@example.org,Prefer not to tell,Intermediate,Teacher,Excel,,2025-07-17 11:59:59,Unpaired,
John Johnson,adrian19@example.org,Female,Advanced,Learner,,SQL,2025-07-17 11:59:59,Unpaired,
Kerry Davis,xfitzgerald@example.com,Male,Advanced,Teacher,Power BI,,2025-07-17 11:59:59,Paired,
Michael Nichols,morganshannon@example.com,Prefer not to tell,Intermediate,Learner,,Power BI,2025-07-17 11:59:59,Paired,
Mr. David Jacobs,travisveronica@example.net,Prefer not to tell,Beginner,Learner,,Python,2025-07-17 11:59:59,Unpaired,
Jared Wheeler,desiree25@example.com,Female,Intermediate,Teacher,Power BI,,2025-07-17 11:59:59,Paired,
Diane Bailey,madisonmcfarland@example.org,Male,Intermediate,Teacher,Power BI,,2025-07-17 11:59:59,Paired,
Jonathan Ruiz,waregeorge@example.org,Prefer not to tell,Intermediate,Learner,,SQL,2025-07-17 11:59:59,Unpaired,
Ashley Castro,fuentesjames@example.net,Female,Beginner,Teacher,Python,,2025-07-17 11:59:59,Unpaired,
Mr. Christopher Rosario,robertsonrandall@example.com,Prefer not to tell,Beginner,Learner,,SQL,2025-07-17 11:59:59,Paired,
Kyle Lee,georgehorton@example.net,Female,Beginner,Teacher,Python,,2025-07-17 11:59:59,Unpaired,
Patricia Pham,nfoley@example.com,Female,Advanced,Teacher,Data Analysis,,2025-07-17 11:59:59,Paired,
Victoria Smith,leahvalencia@example.net,Prefer not to tell,Intermediate,Learner,,Data Analysis,2025-07-17 11:59:59,Paired,
Jacqueline Williams,shannon42@example.org,Female,Beginner,Learner,,SQL,2025-07-17 11:59:59,Paired,
Tyler Robinson,laura86@example.com,Female,Advanced,Teacher,SQL,,2025-07-17 11:59:59,Paired,
Susan Lopez,harrisscott@example.org,Female,Beginner,Teacher,SQL,,2025-07-17 11:59:59,Unpaired,
Tony Romero,brownmichelle@example.net,Male,Intermediate,Learner,,SQL,2025-07-17 11:59:59,Paired,
Chelsea Delgado,shawn43@example.net,Male,Intermediate,Teacher,SQL,,2025-07-17 11:59:59,Paired,
Adam Green,thomasana@example.com,Male,Beginner,Learner,,SQL,2025-07-17 11:59:59,Paired,
Daniel Brown,william88@example.com,Male,Advanced,Learner,,Communication,2025-07-17 11:59:59,Unpaired,
Jay Richardson,jessicaschmidt@example.com,Female,Beginner,Learner,,SQL,2025-07-17 11:59:59,Paired,
Justin Jones,meganwalters@example.net,Male,Beginner,Learner,,SQL,2025-07-17 11:59:59,Paired,
Beverly Smith MD,jamesmccann@example.org,Female,Advanced,Teacher,Excel,,2025-07-17 11:59:59,Unpaired,
Patrick Richardson,rosejames@example.com,Female,Beginner,Learner,,Python,2025-07-17 11:59:59,Unpaired,
Allison Mendoza,robertsjill@example.net,Female,Intermediate,Teacher,SQL,,2025-07-17 11:59:59,Paired,
Linda Williamson,mooremark@example.com,Female,Advanced,Teacher,Data Analysis,,2025-07-17 11:59:59,Paired,
Anthony Ryan,isanchez@example.net,Female,Beginner,Learner,,Python,2025-07-17 11:59:59,Unpaired,
Dennis Ho,rachel92@example.org,Prefer not to tell,Advanced,Learner,,Power BI,2025-07-17 11:59:59,Unpaired,
Eddie Smith,mwest@example.org,Male,Advanced,Teacher,Excel,,2025-07-17 11:59:59,Unpaired,
Seth Montes,crystal00@example.com,Prefer not to tell,Beginner,Learner,,Python,2025-07-17 11:59:59,Unpaired,
Sarah Moody,patrick31@example.net,Male,Beginner,Learner,,Excel,2025-07-17 11:59:59,Paired,
Mary Johnson,acostavincent@example.com,Female,Beginner,Learner,,Excel,2025-07-17 11:59:59,Paired,
Monique Johnson,barryvasquez@example.net,Male,Advanced,Teacher,Communication,,2025-07-17 11:59:59,Paired,
Edward Davis,brownwendy@example.net,Prefer not to tell,Beginner,Teacher,Python,,2025-07-17 11:59:59,Unpaired,
Brandi Allen,micheal73@example.net,Female,Advanced,Teacher,Data Analysis,,2025-07-17 11:59:59,Paired,
Linda Williams,john51@example.com,Female,Intermediate,Learner,,SQL,2025-07-17 11:59:59,Unpaired,
Kenneth Sanders,moniquebaker@example.org,Male,Advanced,Teacher,Communication,,2025-07-17 11:59:59,Paired,
Andrew Larsen,hamiltonwilliam@example.com,Male,Intermediate,Teacher,Data Analysis,,2025-07-17 11:59:59,Unpaired,
Caroline Zimmerman,omoran@example.org,Prefer not to tell,Beginner,Learner,,Power BI,2025-07-17 11:59:59,Paired,
Brandi Walter,hardinwilliam@example.com,Female,Advanced,Teacher,Power BI,,2025-07-17 11:59:59,Unpaired,
Taylor Washington,brandonbenjamin@example.com,Female,Intermediate,Teacher,Data Analysis,,2025-07-17 11:59:59,Unpaired,
Leonard Bruce,watersdaniel@example.org,Female,Advanced,Learner,,Data Analysis,2025-07-17 11:59:59,Unpaired,
Todd Williams,chenveronica@example.org,Female,Beginner,Learner,,Power BI,2025-07-17 11:59:59,Paired,
Mark Wu,allisonlara@example.net,Male,Intermediate,Learner,,Power BI,2025-07-17 11:59:59,Paired,
Benjamin Page,brucemedina@example.net,Male,Intermediate,Teacher,SQL,,2025-07-17 11:59:59,Unpaired,
Shelly Jones,stacey78@example.com,Male,Beginner,Teacher,SQL,,2025-07-17 11:59:59,Unpaired,
Tyler Arnold,kimberly11@example.net,Male,Advanced,Teacher,Power BI,,2025-07-17 11:59:59,Unpaired,
James Fernandez PhD,bernardnicholas@example.net,Male,Advanced,Learner,,Python,2025-07-17 11:59:59,Unpaired,
Michelle Vance,lauren54@example.com,Female,Intermediate,Learner,,Data Analysis,2025-07-17 11:59:59,Paired,
Ms. Rebecca Hill,garciajustin@example.org,Prefer not to tell,Advanced,Teacher,Data Analysis,,2025-07-17 11:59:59,Unpaired,
Gabriel Vaughn,charleswright@example.org,Prefer not to tell,Intermediate,Teacher,SQL,,2025-07-17 11:59:59,Unpaired,
Teresa Collins,valerie39@example.com,Male,Intermediate,Learner,,Data Analysis,2025-07-17 11:59:59,Paired,
Mark Sanchez,joyce47@example.org,Male,Beginner,Learner,,Communication,2025-07-17 11:59:59,Paired,
Jimmy Thompson,dylanfloyd@example.net,Prefer not to tell,Intermediate,Teacher,SQL,,2025-07-17 11:59:59,Unpaired,
Matthew Ward,eallen@example.com,Prefer not to tell,Advanced,Teacher,Excel,,2025-07-17 11:59:59,Unpaired,
Emma Guerra,wigginsjennifer@example.com,Male,Advanced,Teacher,Power BI,,2025-07-17 11:59:59,Unpaired,
Crystal Thompson,erica19@example.com,Female,Intermediate,Teacher,Communication,,2025-07-17 11:59:59,Unpaired,
April Martin,ashley05@example.org,Female,Intermediate,Learner,,Communication,2025-07-17 11:59:59,Paired,
Goddy,Gody@gmail.com,Male,Intermediate,Learner,,SQL,2025-07-17 12:47:30,Paired,
Special,spec@hotmail.com,Female,Advanced,Teacher,Communication,,2025-07-18 00:52:07,Paired,
Agatha James,ajbaby@gmail.com,Female,Beginner,Learner,,Power BI,2025-07-18 18:54:35,Paired,
Fred Ali,ali2@gmail.com,Male,Beginner,Learner,,Python,2025-07-20 01:47:41,Unpaired,
Nkeiru Pius,nkry@gmail.com,Female,Beginner,Learner,,Python,2025-07-20 02:32:15,Paired,
Nneji Special,special@gmail.com,Female,Beginner,Learner,,"Data analysis, Excel",2025-07-21 19:24:58.454974,,25 - 34
